Displayed position,Institution,Country,First-listed-author papers,Original source labels,Share of displayed total (%),Displayed total
1,Tsinghua University,China,190,Tsinghua University,7.575758,2508
2,Shanghai Jiao Tong University,China,154,Shanghai Jiao Tong University,6.140351,2508
3,Peking University,China,139,Peking University,5.542265,2508
4,Zhejiang University,China,99,Zhejiang University,3.947368,2508
5,Hong Kong University of Science and Technology,China,93,Hong Kong University of Science and Technology,3.708134,2508
6,University of Science and Technology of China,China,93,University of Science and Technology of China,3.708134,2508
7,Fudan University,China,79,Fudan University,3.149920,2508
8,Chinese University of Hong Kong,China,72,Chinese University of Hong Kong,2.870813,2508
9,Harbin Institute of Technology,China,59,Harbin Institute of Technology,2.352472,2508
10,Nanjing University,China,57,Nanjing University,2.272727,2508
11,University of Hong Kong,China,51,University of Hong Kong,2.033493,2508
12,Sun Yat-sen University,China,49,Sun Yat-sen University,1.953748,2508
13,Xi'an Jiaotong University,China,44,Xi'an Jiaotong University,1.754386,2508
14,Wuhan University,China,43,Wuhan University,1.714514,2508
15,Southeast University,China,42,Southeast University,1.674641,2508
16,Hong Kong University of Science and Technology (Guangzhou),China,39,Hong Kong University of Science and Technology (Guangzhou),1.555024,2508
17,City University of Hong Kong,China,38,City University of Hong Kong,1.515152,2508
18,Hong Kong Polytechnic University,China,37,Hong Kong Polytechnic University,1.475279,2508
19,University of Electronic Science and Technology of China,China,37,University of Electronic Science and Technology of China,1.475279,2508
20,Tongji University,China,36,Tongji University,1.435407,2508
21,Huazhong University of Science and Technology,China,35,Huazhong University of Science and Technology,1.395534,2508
22,Beihang University,China,34,Beihang University,1.355662,2508
23,"Institute of Automation, Chinese Academy of Sciences",China,34,"Institute of Automation, Chinese Academy of Sciences",1.355662,2508
24,Renmin University of China,China,34,Renmin University of China,1.355662,2508
25,University of Chinese Academy of Sciences,China,34,University of Chinese Academy of Sciences,1.355662,2508
26,Beijing Institute of Technology,China,31,Beijing Institute of Technology,1.236045,2508
27,Beijing University of Posts and Telecommunications,China,30,Beijing University of Posts and Telecommunications,1.196172,2508
28,South China University of Technology,China,27,South China University of Technology,1.076555,2508
29,Xiamen University,China,26,Xiamen University,1.036683,2508
30,Chinese Academy of Sciences,China,23,Chinese Academy of Sciences,0.917065,2508
31,East China Normal University,China,23,East China Normal University,0.917065,2508
32,Tianjin University,China,23,Tianjin University,0.917065,2508
33,"Chinese University of Hong Kong, Shenzhen",China,20,"Chinese University of Hong Kong, Shenzhen",0.797448,2508
34,Alibaba Group,China,19,Alibaba Group,0.757576,2508
35,Southern University of Science and Technology,China,19,Southern University of Science and Technology,0.757576,2508
36,Tencent,China,19,Tencent,0.757576,2508
37,Westlake University,China,19,Westlake University,0.757576,2508
38,Central South University,China,18,Central South University,0.717703,2508
39,Huawei,China,18,Huawei,0.717703,2508
40,Jilin University,China,18,Jilin University,0.717703,2508
41,Beijing Jiaotong University,China,16,Beijing Jiaotong University,0.637959,2508
42,ShanghaiTech University,China,16,ShanghaiTech University,0.637959,2508
43,Shenzhen University,China,16,Shenzhen University,0.637959,2508
44,Sichuan University,China,15,Sichuan University,0.598086,2508
45,Xidian University,China,15,Xidian University,0.598086,2508
46,ByteDance,China,14,ByteDance,0.558214,2508
47,"Institute of Computing Technology, Chinese Academy of Sciences",China,14,"Institute of Computing Technology, Chinese Academy of Sciences",0.558214,2508
48,Shandong University,China,14,Shandong University,0.558214,2508
49,Beijing Normal University,China,13,Beijing Normal University,0.518341,2508
50,Nanjing University of Science and Technology,China,13,Nanjing University of Science and Technology,0.518341,2508
51,Nankai University,China,13,Nankai University,0.518341,2508
52,National University of Defense Technology,China,12,National University of Defense Technology,0.478469,2508
53,Shanxi University,China,11,Shanxi University,0.438596,2508
54,University of Macau,China,11,University of Macau,0.438596,2508
55,Hunan University,China,10,Hunan University,0.398724,2508
56,National Taiwan University,China,10,National Taiwan University,0.398724,2508
57,Northwestern Polytechnical University,China,10,Northwestern Polytechnical University,0.398724,2508
58,Shanghai Artificial Intelligence Laboratory,China,10,Shanghai Artificial Intelligence Laboratory,0.398724,2508
59,Chongqing University,China,9,Chongqing University,0.358852,2508
60,"Institute of Information Engineering, Chinese Academy of Sciences",China,8,"Institute of Information Engineering, Chinese Academy of Sciences",0.318979,2508
61,Shanghai Innovation Institute,China,8,Shanghai Innovation Institute,0.318979,2508
62,Soochow University,China,8,Soochow University,0.318979,2508
63,Hong Kong Baptist University,China,7,Hong Kong Baptist University,0.279107,2508
64,"Institute of Software, Chinese Academy of Sciences",China,7,"Institute of Software, Chinese Academy of Sciences",0.279107,2508
65,Kuaishou,China,7,Kuaishou,0.279107,2508
66,Shanghai University of Finance and Economics,China,7,Shanghai University of Finance and Economics,0.279107,2508
67,Hangzhou Dianzi University,China,6,Hangzhou Dianzi University,0.239234,2508
68,Nanjing University of Aeronautics and Astronautics,China,6,Nanjing University of Aeronautics and Astronautics,0.239234,2508
69,"Shenzhen Institute of Advanced Technology, Chinese Academy of Sciences",China,6,"Shenzhen Institute of Advanced Technology, Chinese Academy of Sciences",0.239234,2508
70,South China Normal University,China,6,South China Normal University,0.239234,2508
71,Ant Group,China,5,Ant Group,0.199362,2508
72,Jinan University,China,5,Jinan University,0.199362,2508
73,National Yang Ming Chiao Tung University,China,5,National Yang Ming Chiao Tung University,0.199362,2508
74,Academia Sinica,China,4,Academia Sinica,0.159490,2508
75,Baidu,China,4,Baidu,0.159490,2508
76,Dalian University of Technology,China,4,Dalian University of Technology,0.159490,2508
77,Lenovo,China,4,Lenovo,0.159490,2508
78,Macau University of Science and Technology,China,4,Macau University of Science and Technology,0.159490,2508
79,Ningbo University,China,4,Ningbo University,0.159490,2508
80,Shenzhen Loop Area Institute,China,4,Shenzhen Loop Area Institute,0.159490,2508
81,Xi'an Jiaotong-Liverpool University,China,4,Xi'an Jiaotong-Liverpool University,0.159490,2508
82,Zhengzhou University,China,4,Zhengzhou University,0.159490,2508
83,China University of Petroleum (East China),China,3,China University of Petroleum (East China),0.119617,2508
84,East China University of Science and Technology,China,3,East China University of Science and Technology,0.119617,2508
85,Fuzhou University,China,3,Fuzhou University,0.119617,2508
86,Guangzhou University,China,3,Guangzhou University,0.119617,2508
87,JD.com,China,3,JD.com,0.119617,2508
88,Nanjing University of Information Science and Technology,China,3,Nanjing University of Information Science and Technology,0.119617,2508
89,National Tsing Hua University,China,3,National Tsing Hua University,0.119617,2508
90,Qilu University of Technology,China,3,Qilu University of Technology,0.119617,2508
91,Shanghai Academy of Artificial Intelligence for Science,China,3,Shanghai Academy of Artificial Intelligence for Science,0.119617,2508
92,Shanghai University,China,3,Shanghai University,0.119617,2508
93,Southwest University of Finance and Economics,China,3,Southwest University of Finance and Economics,0.119617,2508
94,Tianjin Normal University,China,3,Tianjin Normal University,0.119617,2508
95,University of Science and Technology Beijing,China,3,University of Science and Technology Beijing,0.119617,2508
96,Zhongguancun Academy,China,3,Zhongguancun Academy,0.119617,2508
97,Anhui University,China,2,Anhui University,0.079745,2508
98,Beijing Academy of Artificial Intelligence,China,2,Beijing Academy of Artificial Intelligence,0.079745,2508
99,Beijing Normal-Hong Kong Baptist University,China,2,Beijing Normal-Hong Kong Baptist University,0.079745,2508
100,Beijing University of Technology,China,2,Beijing University of Technology,0.079745,2508
101,China Telecom,China,2,China Telecom,0.079745,2508
102,China University of Petroleum,China,2,China University of Petroleum,0.079745,2508
103,Chinese Institute for Brain Research,China,2,Chinese Institute for Brain Research,0.079745,2508
104,Chongqing University of Posts and Telecommunications,China,2,Chongqing University of Posts and Telecommunications,0.079745,2508
105,Chongqing University of Technology,China,2,Chongqing University of Technology,0.079745,2508
106,City University of Hong Kong (Dongguan),China,2,City University of Hong Kong (Dongguan),0.079745,2508
107,Dalian Minzu University,China,2,Dalian Minzu University,0.079745,2508
108,Hainan University,China,2,Hainan University,0.079745,2508
109,Harbin Engineering University,China,2,Harbin Engineering University,0.079745,2508
110,Henan University,China,2,Henan University,0.079745,2508
111,Hohai University,China,2,Hohai University,0.079745,2508
112,Honor,China,2,Honor,0.079745,2508
113,Huazhong Agricultural University,China,2,Huazhong Agricultural University,0.079745,2508
114,Information Support Force Engineering University,China,2,Information Support Force Engineering University,0.079745,2508
115,Inner Mongolia University,China,2,Inner Mongolia University,0.079745,2508
116,Intelligent Science & Technology Academy of CASIC,China,2,Intelligent Science & Technology Academy of CASIC,0.079745,2508
117,Jiangsu Ocean University,China,2,Jiangsu Ocean University,0.079745,2508
118,Lanzhou University,China,2,Lanzhou University,0.079745,2508
119,Meituan,China,2,Meituan,0.079745,2508
120,Nanjing Audit University,China,2,Nanjing Audit University,0.079745,2508
121,Nanjing Normal University,China,2,Nanjing Normal University,0.079745,2508
122,National Cheng Kung University,China,2,National Cheng Kung University,0.079745,2508
123,Ocean University of China,China,2,Ocean University of China,0.079745,2508
124,Peng Cheng Laboratory,China,2,Peng Cheng Laboratory,0.079745,2508
125,Shaanxi Normal University,China,2,Shaanxi Normal University,0.079745,2508
126,Shandong Technology and Business University,China,2,Shandong Technology and Business University,0.079745,2508
127,Shanghai University of Electric Power,China,2,Shanghai University of Electric Power,0.079745,2508
128,Shenzhen Technology University,China,2,Shenzhen Technology University,0.079745,2508
129,Southwest University,China,2,Southwest University,0.079745,2508
130,Tianjin University of Technology,China,2,Tianjin University of Technology,0.079745,2508
131,Xiaohongshu,China,2,Xiaohongshu,0.079745,2508
132,Yantai University,China,2,Yantai University,0.079745,2508
133,Yunnan University,China,2,Yunnan University,0.079745,2508
134,Zhejiang Gongshang University,China,2,Zhejiang Gongshang University,0.079745,2508
135,Anhui Polytechnic University,China,1,Anhui Polytechnic University,0.039872,2508
136,Beijing Foresty University,China,1,Beijing Foresty University,0.039872,2508
137,Beijing Institute for General Artificial Intelligence,China,1,Beijing Institute for General Artificial Intelligence,0.039872,2508
138,Beijing Institute of Mathematical Sciences and Applications,China,1,Beijing Institute of Mathematical Sciences and Applications,0.039872,2508
139,Beijing Technology and Business University,China,1,Beijing Technology and Business University,0.039872,2508
140,Central China Normal University,China,1,Central China Normal University,0.039872,2508
141,Chang'an University,China,1,Chang'an University,0.039872,2508
142,Chengdu University of Information Technology,China,1,Chengdu University of Information Technology,0.039872,2508
143,China Academy of Aerospace Aerodynamics,China,1,China Academy of Aerospace Aerodynamics,0.039872,2508
144,China Agricultural University,China,1,China Agricultural University,0.039872,2508
145,China University of Mining Technology - Xuzhou,China,1,China University of Mining Technology - Xuzhou,0.039872,2508
146,Civil Aviation University of China,China,1,Civil Aviation University of China,0.039872,2508
147,Computer Network Information Center (CNIC) of the Chinese Academy of Sciences (CAS),China,1,Computer Network Information Center (CNIC) of the Chinese Academy of Sciences (CAS),0.039872,2508
148,Dalian Maritime University,China,1,Dalian Maritime University,0.039872,2508
149,DeepWisdom,China,1,DeepWisdom,0.039872,2508
150,Donghua University,China,1,Donghua University,0.039872,2508
151,DP Technology,China,1,DP Technology,0.039872,2508
152,Fujian University of Technology,China,1,Fujian University of Technology,0.039872,2508
153,Fujitsu Research and Development Center Co. Ltm.,China,1,Fujitsu Research and Development Center Co. Ltm.,0.039872,2508
154,Great Bay University,China,1,Great Bay University,0.039872,2508
155,Guangdong Provincial Laboratory of Traditional Chinese Medicine,China,1,Guangdong Provincial Laboratory of Traditional Chinese Medicine,0.039872,2508
156,Guangdong University of Technology,China,1,Guangdong University of Technology,0.039872,2508
157,Guangming Lab.,China,1,Guangming Lab.,0.039872,2508
158,Guangxi Normal University,China,1,Guangxi Normal University,0.039872,2508
159,Guizhou University,China,1,Guizhou University,0.039872,2508
160,Hangzhou Normal University,China,1,Hangzhou Normal University,0.039872,2508
161,Hebei University of Technology,China,1,Hebei University of Technology,0.039872,2508
162,Hefei University of Technology,China,1,Hefei University of Technology,0.039872,2508
163,Horizon Robotics,China,1,Horizon Robotics,0.039872,2508
164,Hubei University,China,1,Hubei University,0.039872,2508
165,Hunan University of Science and Technology,China,1,Hunan University of Science and Technology,0.039872,2508
166,Intelligent Game and Decision Lab,China,1,Intelligent Game and Decision Lab,0.039872,2508
167,International Digital Economy Academy,China,1,International Digital Economy Academy,0.039872,2508
168,Jiangxi University of Finance and Economics,China,1,Jiangxi University of Finance and Economics,0.039872,2508
169,JIUTIAN Research,China,1,JIUTIAN Research,0.039872,2508
170,Li Auto,China,1,Li Auto,0.039872,2508
171,Lingang Laboratory,China,1,Lingang Laboratory,0.039872,2508
172,Macao Polytechnic University,China,1,Macao Polytechnic University,0.039872,2508
173,Malanshan Audio&Video Laboratory,China,1,Malanshan Audio&Video Laboratory,0.039872,2508
174,Nanchang University,China,1,Nanchang University,0.039872,2508
175,Nanjing Agricutural University,China,1,Nanjing Agricutural University,0.039872,2508
176,Nanjing Brain Hospital,China,1,Nanjing Brain Hospital,0.039872,2508
177,Nanjing University of Finance and Economics,China,1,Nanjing University of Finance and Economics,0.039872,2508
178,Nanjing University of Posts and Telecommunications,China,1,Nanjing University of Posts and Telecommunications,0.039872,2508
179,Northeast University at Qinhuangdao Campus,China,1,Northeast University at Qinhuangdao Campus,0.039872,2508
180,Northeastern University (China),China,1,Northeastern University (China),0.039872,2508
181,Qihoo 360,China,1,Qihoo 360,0.039872,2508
182,Qiyuan Lab,China,1,Qiyuan Lab,0.039872,2508
183,Shenzhen MSU-BIT University,China,1,Shenzhen MSU-BIT University,0.039872,2508
184,Shenzhen Research Institute of Big Data,China,1,Shenzhen Research Institute of Big Data,0.039872,2508
185,Shihezi University,China,1,Shihezi University,0.039872,2508
186,Southwest Jiaotong University,China,1,Southwest Jiaotong University,0.039872,2508
187,Southwest University of Nationalities,China,1,Southwest University of Nationalities,0.039872,2508
188,Southwestern University of Finance and Economics,China,1,Southwestern University of Finance and Economics,0.039872,2508
189,Squirrel AI,China,1,Squirrel AI,0.039872,2508
190,Taiyuan University of Technology,China,1,Taiyuan University of Technology,0.039872,2508
191,University of Jinan,China,1,University of Jinan,0.039872,2508
192,University of South China,China,1,University of South China,0.039872,2508
193,vivo,China,1,vivo,0.039872,2508
194,Wuhan University of Science and Technology,China,1,Wuhan University of Science and Technology,0.039872,2508
195,Wuhan University of Technology,China,1,Wuhan University of Technology,0.039872,2508
196,Xi'an University of Telecommunications Engineering,China,1,Xi'an University of Telecommunications Engineering,0.039872,2508
197,Xiangtan University,China,1,Xiangtan University,0.039872,2508
198,Xihua University,China,1,Xihua University,0.039872,2508
199,Xinjiang University,China,1,Xinjiang University,0.039872,2508
200,Yangzhou University,China,1,Yangzhou University,0.039872,2508
