Displayed position,Institution,Country,First-listed-author papers,Original source labels
1,Tsinghua University,China,190,Tsinghua University
2,Korea Advanced Institute of Science and Technology,South Korea,164,Korea Advanced Institute of Science and Technology
3,Shanghai Jiao Tong University,China,154,Shanghai Jiao Tong University
4,Massachusetts Institute of Technology,United States,144,Massachusetts Institute of Technology
5,Peking University,China,139,Peking University
6,Stanford University,United States,120,Stanford University
7,Zhejiang University,China,99,Zhejiang University
8,National University of Singapore,Singapore,97,National University of Singapore
9,Hong Kong University of Science and Technology,China,93,Hong Kong University of Science and Technology
10,University of Science and Technology of China,China,93,University of Science and Technology of China
11,Carnegie Mellon University,United States,91,Carnegie Mellon University
12,Nanyang Technological University,Singapore,88,Nanyang Technological University
13,University of Illinois Urbana-Champaign,United States,86,University of Illinois Urbana-Champaign
14,Seoul National University,South Korea,84,Seoul National University
15,University of Oxford,United Kingdom,84,University of Oxford
16,"University of California, Berkeley",United States,80,"University of California, Berkeley"
17,Fudan University,China,79,Fudan University
18,Harvard University,United States,74,Harvard University
19,New York University,United States,74,New York University
20,Google,United States,73,Google
21,Chinese University of Hong Kong,China,72,Chinese University of Hong Kong
22,Purdue University,United States,70,Purdue University
23,ETH Zurich,Switzerland,67,ETH Zurich
24,Technical University of Munich,Germany,64,Technical University of Munich
25,Columbia University,United States,62,Columbia University
26,EPFL,Switzerland,61,EPFL
27,Georgia Institute of Technology,United States,61,Georgia Institute of Technology
28,University of Texas at Austin,United States,61,University of Texas at Austin
29,Harbin Institute of Technology,China,59,Harbin Institute of Technology
30,"University of California, San Diego",United States,58,"University of California, San Diego"
31,Nanjing University,China,57,Nanjing University
32,University of Cambridge,United Kingdom,55,University of Cambridge
33,University of Washington,United States,54,University of Washington
34,Princeton University,United States,51,Princeton University
35,University of Hong Kong,China,51,University of Hong Kong
36,University of Tokyo,Japan,50,University of Tokyo
37,Sun Yat-sen University,China,49,Sun Yat-sen University
38,University of Pennsylvania,United States,48,University of Pennsylvania
39,Cornell University,United States,47,Cornell University
40,University of Toronto,Canada,46,University of Toronto
41,Imperial College London,United Kingdom,45,Imperial College London
42,University of Wisconsin-Madison,United States,45,University of Wisconsin-Madison
43,Johns Hopkins University,United States,44,Johns Hopkins University
44,Korea University,South Korea,44,Korea University
45,"University of California, Los Angeles",United States,44,"University of California, Los Angeles"
46,Xi'an Jiaotong University,China,44,Xi'an Jiaotong University
47,Wuhan University,China,43,Wuhan University
48,Southeast University,China,42,Southeast University
49,University of Michigan,United States,41,University of Michigan
50,Hong Kong University of Science and Technology (Guangzhou),China,39,Hong Kong University of Science and Technology (Guangzhou)
51,City University of Hong Kong,China,38,City University of Hong Kong
52,Mohamed bin Zayed University of Artificial Intelligence,United Arab Emirates,38,Mohamed bin Zayed University of Artificial Intelligence
53,Technion - Israel Institute of Technology,Israel,38,Technion - Israel Institute of Technology
54,Yale University,United States,38,Yale University
55,Hong Kong Polytechnic University,China,37,Hong Kong Polytechnic University
56,University of Electronic Science and Technology of China,China,37,University of Electronic Science and Technology of China
57,Inria,France,36,Inria
58,Mila,Canada,36,Mila
59,Tongji University,China,36,Tongji University
60,University College London,United Kingdom,36,University College London
61,Huazhong University of Science and Technology,China,35,Huazhong University of Science and Technology
62,Meta,United States,35,Meta
63,University of Southern California,United States,35,University of Southern California
64,Beihang University,China,34,Beihang University
65,"Institute of Automation, Chinese Academy of Sciences",China,34,"Institute of Automation, Chinese Academy of Sciences"
66,Renmin University of China,China,34,Renmin University of China
67,University of Chinese Academy of Sciences,China,34,University of Chinese Academy of Sciences
68,"University of Maryland, College Park",United States,34,"University of Maryland, College Park"
69,University of North Carolina at Chapel Hill,United States,33,University of North Carolina at Chapel Hill
70,University of Virginia,United States,33,University of Virginia
71,Yonsei University,South Korea,33,Yonsei University
72,Beijing Institute of Technology,China,31,Beijing Institute of Technology
73,University of Chicago,United States,31,University of Chicago
74,Beijing University of Posts and Telecommunications,China,30,Beijing University of Posts and Telecommunications
75,NVIDIA,United States,30,NVIDIA
76,Microsoft,United States,29,Microsoft
77,Duke University,United States,27,Duke University
78,South China University of Technology,China,27,South China University of Technology
79,University of Central Florida,United States,27,University of Central Florida
80,McGill University,Canada,26,McGill University
81,University of Edinburgh,United Kingdom,26,University of Edinburgh
82,Xiamen University,China,26,Xiamen University
83,Northwestern University,United States,25,Northwestern University
84,Tel Aviv University,Israel,25,Tel Aviv University
85,Amazon,United States,24,Amazon
86,Pennsylvania State University,United States,24,Pennsylvania State University
87,Pohang University of Science and Technology,South Korea,24,Pohang University of Science and Technology
88,Chinese Academy of Sciences,China,23,Chinese Academy of Sciences
89,East China Normal University,China,23,East China Normal University
90,RIKEN,Japan,23,RIKEN
91,Tianjin University,China,23,Tianjin University
92,"University of California, Santa Barbara",United States,23,"University of California, Santa Barbara"
93,University of Sydney,Australia,23,University of Sydney
94,University of Waterloo,Canada,23,University of Waterloo
95,University of British Columbia,Canada,22,University of British Columbia
96,Virginia Tech,United States,22,Virginia Tech
97,Ludwig Maximilian University of Munich,Germany,21,Ludwig Maximilian University of Munich
98,University of Massachusetts Amherst,United States,21,University of Massachusetts Amherst
99,"Chinese University of Hong Kong, Shenzhen",China,20,"Chinese University of Hong Kong, Shenzhen"
100,Sungkyunkwan University,South Korea,20,Sungkyunkwan University
101,University of Melbourne,Australia,20,University of Melbourne
102,University of New South Wales,Australia,20,University of New South Wales
103,École Polytechnique,France,20,École Polytechnique
104,Alibaba Group,China,19,Alibaba Group
105,Southern University of Science and Technology,China,19,Southern University of Science and Technology
106,Tencent,China,19,Tencent
107,Westlake University,China,19,Westlake University
108,Arizona State University,United States,18,Arizona State University
109,Central South University,China,18,Central South University
110,Huawei,China,18,Huawei
111,Jilin University,China,18,Jilin University
112,Technical University of Darmstadt,Germany,18,Technical University of Darmstadt
113,University of Amsterdam,Netherlands,18,University of Amsterdam
114,CISPA Helmholtz Center for Information Security,Germany,17,CISPA Helmholtz Center for Information Security
115,Hanyang University,South Korea,17,Hanyang University
116,Michigan State University,United States,17,Michigan State University
117,Qualcomm,United States,17,Qualcomm
118,"University of California, Irvine",United States,17,"University of California, Irvine"
119,University of Illinois Chicago,United States,17,University of Illinois Chicago
120,Apple,United States,16,Apple
121,Beijing Jiaotong University,China,16,Beijing Jiaotong University
122,Indian Institute of Science,India,16,Indian Institute of Science
123,Max Planck Institute for Intelligent Systems,Germany,16,Max Planck Institute for Intelligent Systems
124,Ohio State University,United States,16,Ohio State University
125,Rutgers University,United States,16,Rutgers University
126,ShanghaiTech University,China,16,ShanghaiTech University
127,Shenzhen University,China,16,Shenzhen University
128,Texas A&M University,United States,16,Texas A&M University
129,Ben-Gurion University,Israel,15,Ben-Gurion University
130,Delft University of Technology,Netherlands,15,Delft University of Technology
131,Sichuan University,China,15,Sichuan University
132,Sorbonne University,France,15,Sorbonne University
133,Technical University of Berlin,Germany,15,Technical University of Berlin
134,Xidian University,China,15,Xidian University
135,ByteDance,China,14,ByteDance
136,California Institute of Technology,United States,14,California Institute of Technology
137,"Institute of Computing Technology, Chinese Academy of Sciences",China,14,"Institute of Computing Technology, Chinese Academy of Sciences"
138,Institute of Science Tokyo,Japan,14,Institute of Science Tokyo
139,King's College London,United Kingdom,14,King's College London
140,KTH Royal Institute of Technology,Sweden,14,KTH Royal Institute of Technology
141,Monash University,Australia,14,Monash University
142,Shandong University,China,14,Shandong University
143,Stony Brook University,United States,14,Stony Brook University
144,École Normale Supérieure de Paris,France,14,École Normale Supérieure de Paris
145,Aalto University,Finland,13,Aalto University
146,Beijing Normal University,China,13,Beijing Normal University
147,Boston University,United States,13,Boston University
148,Chung-Ang University,South Korea,13,Chung-Ang University
149,Dartmouth College,United States,13,Dartmouth College
150,Indian Institute of Technology Delhi,India,13,Indian Institute of Technology Delhi
151,KU Leuven,Belgium,13,KU Leuven
152,Nanjing University of Science and Technology,China,13,Nanjing University of Science and Technology
153,Nankai University,China,13,Nankai University
154,University of Tübingen,Germany,13,University of Tübingen
155,Vector Institute,Canada,13,Vector Institute
156,Australian National University,Australia,12,Australian National University
157,Hanoi University of Science and Technology,Vietnam,12,Hanoi University of Science and Technology
158,Institute of Science and Technology Austria,Austria,12,Institute of Science and Technology Austria
159,King Abdullah University of Science and Technology,Saudi Arabia,12,King Abdullah University of Science and Technology
160,National University of Defense Technology,China,12,National University of Defense Technology
161,Politecnico di Milano,Italy,12,Politecnico di Milano
162,University of Bristol,United Kingdom,12,University of Bristol
163,"University of California, Davis",United States,12,"University of California, Davis"
164,University of Queensland,Australia,12,University of Queensland
165,Université de Montréal,Canada,12,Université de Montréal
166,Brown University,United States,11,Brown University
167,RWTH Aachen University,Germany,11,RWTH Aachen University
168,Samsung,South Korea,11,Samsung
169,Shanxi University,China,11,Shanxi University
170,University of Adelaide,Australia,11,University of Adelaide
171,University of Alberta,Canada,11,University of Alberta
172,University of Florida,United States,11,University of Florida
173,University of Freiburg,Germany,11,University of Freiburg
174,University of Macau,China,11,University of Macau
175,University of Minnesota,United States,11,University of Minnesota
176,University of Technology Sydney,Australia,11,University of Technology Sydney
177,University of Warwick,United Kingdom,11,University of Warwick
178,CNRS,France,10,CNRS
179,Higher School of Economics,Russia,10,Higher School of Economics
180,Hunan University,China,10,Hunan University
181,Indian Institute of Technology Bombay,India,10,Indian Institute of Technology Bombay
182,Karlsruhe Institute of Technology,Germany,10,Karlsruhe Institute of Technology
183,National Taiwan University,China,10,National Taiwan University
184,North Carolina State University,United States,10,North Carolina State University
185,Northwestern Polytechnical University,China,10,Northwestern Polytechnical University
186,Shanghai Artificial Intelligence Laboratory,China,10,Shanghai Artificial Intelligence Laboratory
187,Simon Fraser University,Canada,10,Simon Fraser University
188,Technical University of Denmark,Denmark,10,Technical University of Denmark
189,"University of California, Riverside",United States,10,"University of California, Riverside"
190,University of Copenhagen,Denmark,10,University of Copenhagen
191,University of Manchester,United Kingdom,10,University of Manchester
192,University of Notre Dame,United States,10,University of Notre Dame
193,Chongqing University,China,9,Chongqing University
194,Hebrew University of Jerusalem,Israel,9,Hebrew University of Jerusalem
195,Helmholtz Munich,Germany,9,Helmholtz Munich
196,IBM,United States,9,IBM
197,Kyung Hee University,South Korea,9,Kyung Hee University
198,Singapore Management University,Singapore,9,Singapore Management University
199,Télécom Paris,France,9,Télécom Paris
200,University of Luxembourg,Luxembourg,9,University of Luxembourg
