Displayed position,Institution,Country,Associated papers,Original source labels
1,University of Sydney,Australia,65,University of Sydney
2,Monash University,Australia,50,Monash University
3,University of New South Wales,Australia,50,University of New South Wales
4,University of Technology Sydney,Australia,45,University of Technology Sydney
5,University of Melbourne,Australia,43,University of Melbourne
6,Australian National University,Australia,41,Australian National University
7,University of Adelaide,Australia,38,University of Adelaide
8,CSIRO,Australia,28,CSIRO
9,University of Queensland,Australia,23,University of Queensland
10,Griffith University,Australia,19,Griffith University
11,RMIT University,Australia,16,RMIT University
12,Deakin University,Australia,14,Deakin University
13,Macquarie University,Australia,10,Macquarie University; University of Macquaire
14,University of Wollongong,Australia,8,University of Wollongong
15,Western Sydney University,Australia,8,Western Sydney University
16,Canva,Australia,7,Canva
17,Australian Institute for Machine Learning,Australia,5,Australian Institute for Machine Learning
18,University of Western Australia,Australia,4,University of Western Australia
19,La Trobe University,Australia,3,La Trobe University
20,Pluralis Research,Australia,3,Pluralis Research
21,Queensland University of Technology,Australia,3,Queensland University of Technology
22,Edith Cowan University,Australia,2,Edith Cowan University
23,Swinburne University of Technology,Australia,2,Swinburne University of Technology
24,University of Southern Queensland,Australia,2,University of Southern Queensland
25,Cortical Labs Pty Ltd,Australia,1,Cortical Labs Pty Ltd
26,Defence Science and Technology Group (DSTG),Australia,1,Defence Science and Technology Group (DSTG)
27,Garvan Institute of Medical Research,Australia,1,Garvan Institute of Medical Research
28,James Cook University,Australia,1,James Cook University
29,Profenso Pty Ltd,Australia,1,Profenso Pty Ltd
30,QIMR Berghofer Medical Research Institute,Australia,1,QIMR Berghofer Medical Research Institute
31,University of Tasmania,Australia,1,University of Tasmania
32,University of the Sunshine Coast,Australia,1,University of the Sunshine Coast
