Displayed position,Institution,Country,Papers,Original source labels,Share of displayed total (%),Displayed total
1,University of Oxford,United Kingdom,203,University of Oxford,19.843597,1023
2,University of Cambridge,United Kingdom,127,University of Cambridge,12.414467,1023
3,Imperial College London,United Kingdom,122,Imperial College London,11.925709,1023
4,University College London,United Kingdom,102,University College London,9.970674,1023
5,University of Edinburgh,United Kingdom,62,University of Edinburgh,6.060606,1023
6,King's College London,United Kingdom,36,King's College London,3.519062,1023
7,University of Warwick,United Kingdom,35,University of Warwick,3.421310,1023
8,University of Manchester,United Kingdom,24,University of Manchester,2.346041,1023
9,University of Bristol,United Kingdom,23,University of Bristol,2.248289,1023
10,University of Liverpool,United Kingdom,22,University of Liverpool,2.150538,1023
11,Queen Mary University of London,United Kingdom,21,Queen Mary University of London,2.052786,1023
12,Lancaster University,United Kingdom,17,Lancaster University,1.661779,1023
13,University of Birmingham,United Kingdom,16,University of Birmingham,1.564027,1023
14,University of Bath,United Kingdom,15,University of Bath,1.466276,1023
15,University of Exeter,United Kingdom,14,University of Exeter,1.368524,1023
16,University of Surrey,United Kingdom,14,University of Surrey,1.368524,1023
17,Alan Turing Institute,United Kingdom,11,Alan Turing Institute,1.075269,1023
18,University of Southampton,United Kingdom,11,University of Southampton,1.075269,1023
19,University of Nottingham,United Kingdom,9,University of Nottingham,0.879765,1023
20,Cardiff University,United Kingdom,8,Cardiff University; University of Cardiff,0.782014,1023
21,Heriot-Watt University,United Kingdom,8,Heriot-Watt University; HeriotWatt University,0.782014,1023
22,London School of Economics and Political Science,United Kingdom,8,London School of Economics and Political Science,0.782014,1023
23,UK AI Security Institute,United Kingdom,7,UK AI Security Institute,0.684262,1023
24,University of Glasgow,United Kingdom,7,University of Glasgow,0.684262,1023
25,University of Sheffield,United Kingdom,6,University of Sheffield,0.586510,1023
26,University of Sussex,United Kingdom,6,University of Sussex,0.586510,1023
27,University of York,United Kingdom,6,University of York,0.586510,1023
28,InstaDeep,United Kingdom,5,InstaDeep,0.488759,1023
29,Newcastle University,United Kingdom,5,Newcastle University; University of Newcastle-upon-Tyne,0.488759,1023
30,Northumbria University,United Kingdom,5,Northumbria University,0.488759,1023
31,AstraZeneca,United Kingdom,4,AstraZeneca,0.391007,1023
32,Qube Research & Technologies,United Kingdom,4,Qube Research & Technologies,0.391007,1023
33,University of Essex,United Kingdom,4,University of Essex,0.391007,1023
34,Wellcome Sanger Institute,United Kingdom,4,Wellcome Sanger Institute; Sanger institute,0.391007,1023
35,Apollo Research,United Kingdom,3,Apollo Research,0.293255,1023
36,Earlham Institute,United Kingdom,3,Earlham Institute,0.293255,1023
37,Edge Hill University,United Kingdom,3,Edge Hill University,0.293255,1023
38,Holistic AI,United Kingdom,3,Holistic AI,0.293255,1023
39,University of Leeds,United Kingdom,3,University of Leeds,0.293255,1023
40,City St. George's University Of London,United Kingdom,2,City St. George's University Of London,0.195503,1023
41,digiLab,United Kingdom,2,digiLab,0.195503,1023
42,Loughborough University,United Kingdom,2,Loughborough University,0.195503,1023
43,The Francis Crick Institute,United Kingdom,2,The Francis Crick Institute,0.195503,1023
44,University of Aberdeen,United Kingdom,2,University of Aberdeen,0.195503,1023
45,University of Derby,United Kingdom,2,University of Derby,0.195503,1023
46,University of Dundee,United Kingdom,2,University of Dundee,0.195503,1023
47,University of Strathclyde,United Kingdom,2,University of Strathclyde,0.195503,1023
48,Aberystwyth University,United Kingdom,1,Aberystwyth University,0.097752,1023
49,Bournemouth University,United Kingdom,1,Bournemouth University,0.097752,1023
50,Brunel University of London,United Kingdom,1,Brunel University of London,0.097752,1023
51,Durham University,United Kingdom,1,Durham University,0.097752,1023
52,Dyson Institute of engineering & technology,United Kingdom,1,Dyson Institute of engineering & technology,0.097752,1023
53,EMBL's European Bioinformatics Institute,United Kingdom,1,EMBL's European Bioinformatics Institute,0.097752,1023
54,Emotech Ltd,United Kingdom,1,Emotech Ltd,0.097752,1023
55,London Institute for Mathematical Sciences (LIMS),United Kingdom,1,London Institute for Mathematical Sciences (LIMS),0.097752,1023
56,Oxford Brookes University,United Kingdom,1,Oxford Brookes University,0.097752,1023
57,Oxford Dynamics,United Kingdom,1,Oxford Dynamics,0.097752,1023
58,Reading University,United Kingdom,1,Reading University,0.097752,1023
59,Rosalind Franklin Institute,United Kingdom,1,Rosalind Franklin Institute,0.097752,1023
60,Royal Holloway and Bedford New College,United Kingdom,1,Royal Holloway and Bedford New College,0.097752,1023
61,The Institute of Cancer Research,United Kingdom,1,The Institute of Cancer Research,0.097752,1023
62,Tony Blair Institute for Global Change,United Kingdom,1,Tony Blair Institute for Global Change,0.097752,1023
63,Toshiba Europe Ltd,United Kingdom,1,Toshiba Europe Ltd,0.097752,1023
64,University of Bedfordshire,United Kingdom,1,University of Bedfordshire,0.097752,1023
65,University of Leicester,United Kingdom,1,University of Leicester,0.097752,1023
66,University of Lincoln,United Kingdom,1,University of Lincoln,0.097752,1023
67,University of St. Andrews,United Kingdom,1,University of St. Andrews,0.097752,1023
68,University of Teesside,United Kingdom,1,University of Teesside,0.097752,1023
